{
    "plddts": {
        "model_1": 87.45812934795958,
        "model_2": 84.52258185860828,
        "model_3": 87.78593692844834,
        "model_4": 87.99449366375426,
        "model_5": 85.32976078502992
    },
    "order": [
        "model_4",
        "model_3",
        "model_1",
        "model_5",
        "model_2"
    ]
}